"parameter","r_argument","models","default","units","type","lit_low","lit_high","description","citation","doi_or_url","status","notes"
"R0","","","15","secondary cases","count","12","18","Basic reproduction number targeted when calibrating contact rates.","Guerra et al. 2017, Lancet Infect Dis 17(12):e420-e428","https://doi.org/10.1016/S1473-3099(17)30307-9","✅ 🗣️","15 is the midpoint of the 12-18 range in the abstract. Not a model argument: it enters through contact_rate (school) or the calibrated contact_matrix (mixing models). Projects may use other values."
"Herd-immunity threshold","","","1 - 1/15","proportion","probability","","","Proportion immune needed to prevent sustained transmission (about 93%).","Derived: 1 - 1/R0 with R0 = 15","","🗣️","Standard formula. Used as the default prop_vaccinated in ModelMeaslesSchool()."
"(population size)","n","ModelMeaslesSchool;ModelMeaslesMixing;ModelMeaslesMixingRiskQuarantine","","agents","count","","","Number of agents in the model.","Scenario-specific input","","🗣️","No default; set by each project."
"(prevalence)","prevalence","ModelMeaslesSchool;ModelMeaslesMixing;ModelMeaslesMixingRiskQuarantine","1","agents or proportion","count","","","Initial number (school) or proportion (mixing models) of infected agents.","Scenario-specific input","","🗣️","Default of 1 index case in ModelMeaslesSchool(); no default in the mixing models."
"Vaccination rate","prop_vaccinated","ModelMeaslesSchool;ModelMeaslesMixing;ModelMeaslesMixingRiskQuarantine","1 - 1/15","proportion","probability","","","Proportion of the population vaccinated (immunized).","Scenario-specific input; school default derived as 1 - 1/R0","","🗣️","ModelMeaslesSchool() defaults to the herd-immunity threshold for R0 = 15; the mixing models have no default. Projects use local coverage data."
"Transmission rate","transmission_rate","ModelMeaslesSchool;ModelMeaslesMixing;ModelMeaslesMixingRiskQuarantine","0.9","per contact","probability","","","Probability of transmission per contact between an infectious and a susceptible agent.","Assumption: highly transmissible; Utah DHHS Measles Disease Plan (updated March 26, 2026): ""90% of susceptible contacts will develop disease""","https://epi.utah.gov/wp-content/uploads/Measles-disease-plan.pdf","🗣️ ✅","Fixed high, then the contact rate or contact matrix is calibrated to R0."
"Contact rate","contact_rate","ModelMeaslesSchool","15 / transmission_rate / prodromal_period","contacts per day","rate","","","Average number of contacts per agent per day (school model).","Calibrated to the target R0 = 15","","🗣️","R0 = transmission_rate x contact_rate x prodromal_period, so the default is 15 / 0.9 / 4 = 4.17 contacts per day."
"(contact matrix)","contact_matrix","ModelMeaslesMixing;ModelMeaslesMixingRiskQuarantine","","contacts per day","rate","","","Expected number of contacts per day between population groups (mixing models).","Calibrated to the target R0 with the next-generation-matrix method (Diekmann et al. 2010, J R Soc Interface 7(47):873-885)","https://doi.org/10.1098/rsif.2009.0386","🗣️","No default. Scale a contact structure with calibrate_mixing_model()."
"Rash reduction contact rate","rash_reduction_contact_rate","ModelMeaslesMixing","1","proportion","probability","","","Reduction in contacts during the rash period (1 = full reduction, i.e. agents with rash stay home).","Assumption","","🗣️",""
"Incubation period","incubation_period","ModelMeaslesSchool;ModelMeaslesMixing;ModelMeaslesMixingRiskQuarantine","12","days","days","8","12","Average days from exposure to the start of the prodromal (infectious) period.","Utah DHHS Measles Disease Plan (updated March 26, 2026): exposure to prodrome averages 8-12 days","https://epi.utah.gov/wp-content/uploads/Measles-disease-plan.pdf","✅",""
"Prodromal period","prodromal_period","ModelMeaslesSchool;ModelMeaslesMixing;ModelMeaslesMixingRiskQuarantine","4","days","days","2","4","Average days of the infectious prodromal period, before rash onset.","Utah DHHS Measles Disease Plan (updated March 26, 2026): prodrome lasts 2-4 days (range 2-8); contagious 4 days before rash onset","https://epi.utah.gov/wp-content/uploads/Measles-disease-plan.pdf","✅",""
"Rash period","rash_period","ModelMeaslesSchool;ModelMeaslesMixing;ModelMeaslesMixingRiskQuarantine","3","days","days","2","4","Average days of the infectious part of the rash period.","Utah DHHS Measles Disease Plan (updated March 26, 2026): contagious to 4 days after rash onset; infectivity minimal after day 2 of rash","https://epi.utah.gov/wp-content/uploads/Measles-disease-plan.pdf","✅","The visible rash lasts 6-7 days; the model only tracks the infectious part."
"Vax efficacy","vax_efficacy","ModelMeaslesSchool;ModelMeaslesMixing;ModelMeaslesMixingRiskQuarantine","0.97","per vaccinated agent","probability","","","Efficacy of two doses of MMR vaccine.","Utah DHHS Measles Disease Plan (updated March 26, 2026) (""~97%""); CDC","https://epi.utah.gov/wp-content/uploads/Measles-disease-plan.pdf","✅","Earlier versions used 0.99 (Liu et al. 2015, BMC Public Health 15:447, https://doi.org/10.1186/s12889-015-1766-6)."
"(IGNORED) Vax improved recovery","vax_reduction_recovery_rate","ModelMeaslesMixing","0.5","proportion","probability","","","Vaccine reduction in recovery rate. Not active.","Not active","","✅","Registered by the C++ model as ""(IGNORED) Vax improved recovery""; it has no effect on the simulation. ModelMeaslesSchool() no longer takes it."
"Hospitalization rate","hospitalization_rate","ModelMeaslesSchool;ModelMeaslesMixing;ModelMeaslesMixingRiskQuarantine","0.2","per day","rate","","","Daily rate of hospitalization during the rash period (a rate, not a probability).","Started at 20% as a conservative value agreed with Utah DHHS. Recent analyses use 10%, per Jones et al. 2026, NEJM Evid 5(8): 8% overall, 9% among unvaccinated in Utah","https://doi.org/10.1056/EVIDpha2600141","✅ 🗣️","Convert to a probability with p = h / (h + 1/rash_period): 0.2 / (0.2 + 1/3) = 0.375. Wang et al. 2026, MMWR 75:252-257 (https://doi.org/10.15585/mmwr.mm7520a1) reports 18.5% in West Texas."
"Hospitalization period","hospitalization_period","ModelMeaslesSchool;ModelMeaslesMixing;ModelMeaslesMixingRiskQuarantine","7","days","days","","","Average days in hospital.","Assumption","","🗣️","Observed stays are shorter: in Utah, a mean of 2.1 nights (range 0-7) (Jones et al. 2026); in West Texas, a median of 2 days (range 0-20) (Wang et al. 2026)."
"Days undetected","days_undetected","ModelMeaslesSchool;ModelMeaslesMixing;ModelMeaslesMixingRiskQuarantine","2","days","days","","","Average days from rash onset to detection by public health (detected cases are isolated and trigger quarantine).","Assumption: about 2 days from active case to public health notification","","🗣️",""
"Isolation period","isolation_period","ModelMeaslesSchool;ModelMeaslesMixing;ModelMeaslesMixingRiskQuarantine","4","days","days","4","4","Days a detected case stays in isolation.","Utah DHHS Measles Disease Plan (updated March 26, 2026): isolate until 4 days after rash onset","https://epi.utah.gov/wp-content/uploads/Measles-disease-plan.pdf","✅",""
"Quarantine period","quarantine_period","ModelMeaslesSchool;ModelMeaslesMixing","21","days","days","21","21","Days an exposed susceptible agent stays in quarantine.","Utah DHHS Measles Disease Plan (updated March 26, 2026): 21 days since last exposure","https://epi.utah.gov/wp-content/uploads/Measles-disease-plan.pdf","✅",""
"Quarantine period high","quarantine_period_high","ModelMeaslesMixingRiskQuarantine","21","days","days","","","Quarantine days for high-risk contacts (tiered quarantine).","Our own experiments and discussions with Utah DHHS","","🗣️","Experimental; no published source. The 21-day tier matches the Utah DHHS standard quarantine."
"Quarantine period medium","quarantine_period_medium","ModelMeaslesMixingRiskQuarantine","14","days","days","","","Quarantine days for medium-risk contacts (tiered quarantine).","Our own experiments and discussions with Utah DHHS","","🗣️","Experimental; no published source."
"Quarantine period low","quarantine_period_low","ModelMeaslesMixingRiskQuarantine","7","days","days","","","Quarantine days for low-risk contacts (tiered quarantine).","Our own experiments and discussions with Utah DHHS","","🗣️","Experimental; no published source."
"Quarantine willingness","quarantine_willingness","ModelMeaslesSchool;ModelMeaslesMixing;ModelMeaslesMixingRiskQuarantine","1","per agent","probability","","","Probability that an agent accepts quarantine.","Assumption (field experience)","","🗣️","Some analyses use 0.9."
"Isolation willingness","isolation_willingness","ModelMeaslesMixing;ModelMeaslesMixingRiskQuarantine","1","per agent","probability","","","Probability that a detected case accepts isolation.","Assumption (field experience)","","🗣️","Some analyses use 0.9."
"Contact tracing success rate","contact_tracing_success_rate","ModelMeaslesMixing;ModelMeaslesMixingRiskQuarantine","1","per contact","probability","","","Probability that a contact of a detected case is successfully traced.","Assumption (field experience)","","🗣️","Some analyses use 0.8."
"Contact tracing days window","contact_tracing_days_window","ModelMeaslesMixing;ModelMeaslesMixingRiskQuarantine","4","days","days","4","4","Days around rash onset during which contacts are traced.","Assumption (field experience); matches the Utah DHHS Measles Disease Plan (updated March 26, 2026) exposure definition: 4 days before through 4 days after rash onset","https://epi.utah.gov/wp-content/uploads/Measles-disease-plan.pdf","🗣️ ✅",""
"Detection rate quarantine","detection_rate_quarantine","ModelMeaslesMixingRiskQuarantine","0.5","per day","probability","","","Daily probability of detecting a prodromal agent while a quarantine is active.","Assumption","","⚠️","Pending: no source recorded yet."
"PEP MMR efficacy","mmr_efficacy","InterventionMeaslesPEP","0.83","per agent","probability","0.344","0.958","Efficacy of MMR vaccine given as post-exposure prophylaxis.","Arciuolo et al. 2017, Clin Infect Dis 65(11):1843-1847: 83.4% (95% CI 34.4-95.8)","https://doi.org/10.1093/cid/cix639","✅","InterventionMeaslesPEP() has no defaults; value used in vignette(""school"")."
"PEP IG efficacy","ig_efficacy","InterventionMeaslesPEP","0.97","per agent","probability","0.562","1","Efficacy of immune globulin given as post-exposure prophylaxis.","Assumption: set equal to MMR vaccine efficacy","https://doi.org/10.1016/j.vaccine.2025.126706","🗣️","Consistent with Arciuolo et al. 2017 (100%, approx. CI 56.2-99.8) and Montroy et al. 2025, Vaccine 47:126706 (76-100%). Value used in vignette(""school"")."
"PEP MMR window","mmr_window","InterventionMeaslesPEP","3","days","days","3","3","Days after exposure during which MMR is offered as PEP.","Utah DHHS Measles Disease Plan (updated March 26, 2026): MMR within 72 hours","https://epi.utah.gov/wp-content/uploads/Measles-disease-plan.pdf","✅","Value used in vignette(""school"")."
"PEP IG window","ig_window","InterventionMeaslesPEP","6","days","days","6","6","Days after exposure during which immune globulin is offered as PEP.","Utah DHHS Measles Disease Plan (updated March 26, 2026): immune globulin within 6 days","https://epi.utah.gov/wp-content/uploads/Measles-disease-plan.pdf","✅","Value used in vignette(""school"")."
"PEP IG half-life (mean)","ig_half_life_mean","InterventionMeaslesPEP","42","days","days","30","45","Mean duration of immune globulin protection.","Assumption within the 30-45-day range reported for measles antibody","https://espanol.cdc.gov/vaccines/pubs/pinkbook/downloads/appendices/a/recommended-intervals-between-administration.pdf","🗣️","The CDC Pink Book interval table assumes 30 days. Value used in vignette(""school"")."
"PEP IG half-life (sd)","ig_half_life_sd","InterventionMeaslesPEP","3.5","days","days","","","Standard deviation of the duration of immune globulin protection.","Assumption","","🗣️","Value used in vignette(""school"")."
"PEP MMR willingness","mmr_willingness","InterventionMeaslesPEP","1","per agent","probability","","","Probability that an agent accepts MMR as PEP.","Assumption","","🗣️","Value used in vignette(""school"")."
"PEP IG willingness","ig_willingness","InterventionMeaslesPEP","0.5","per agent","probability","","","Probability that an agent accepts immune globulin as PEP.","Assumption","","🗣️","Value used in vignette(""school"")."
